@,Reloads, FoldedReloads, ZeroCostFoldedReloads, Spills, FoldedSpills, Copies, ReloadsCost, FoldedReloadsCost, SpillsCost, FoldedSpillsCost, CopiesCost
~&SPILL_STATS,1649, 119, 0, 318, 581, 208, 1.94821e+06, 95729.6, 330515, 522334, 162788
~&SPILL_STATS,0, 2, 0, 2, 0, 30, 0, 2, 2, 0, 26.9524
~&SPILL_STATS,175, 15, 0, 85, 60, 34, 1.21754e+06, 51373.5, 256065, 336153, 118163
~&SPILL_STATS,21, 19, 0, 26, 2, 17, 22232.7, 14565.4, 1665.9, 1, 7082.9
~&SPILL_STATS,587, 181, 0, 329, 146, 383, 1.55603e+10, 1.43494e+09, 1.57185e+09, 2.91496e+09, 9.02242e+09
~&SPILL_STATS,250, 108, 0, 162, 40, 188, 7.22117e+07, 1.52374e+07, 7.85889e+06, 1.3382e+07, 2.27838e+07
~&SPILL_STATS,39, 14, 0, 42, 7, 23, 4.86226e+07, 1.2974e+07, 1.34766e+07, 3.20026e+06, 1.01133e+07
~&SPILL_STATS,20, 11, 0, 22, 2, 17, 3898.05, 1815.9, 1862.05, 1, 3039.2
