@,Reloads, FoldedReloads, ZeroCostFoldedReloads, Spills, FoldedSpills, Copies, ReloadsCost, FoldedReloadsCost, SpillsCost, FoldedSpillsCost, CopiesCost
~&SPILL_STATS,1600, 144, 0, 321, 562, 210, 1.95318e+06, 94919, 343174, 527035, 174511
~&SPILL_STATS,0, 2, 0, 2, 0, 30, 0, 2, 2, 0, 26.9524
~&SPILL_STATS,172, 12, 0, 85, 55, 34, 1.20984e+06, 42669.6, 256155, 335894, 117377
~&SPILL_STATS,23, 12, 0, 27, 2, 16, 18661.4, 5604.65, 5761.45, 1, 14507
~&SPILL_STATS,572, 202, 0, 328, 138, 409, 1.42135e+10, 4.30375e+09, 1.56655e+09, 2.83273e+09, 9.85548e+09
~&SPILL_STATS,269, 102, 0, 160, 48, 178, 6.98038e+07, 1.41892e+07, 7.85379e+06, 1.45427e+07, 2.21343e+07
~&SPILL_STATS,38, 14, 0, 41, 7, 25, 4.86176e+07, 1.2974e+07, 1.34716e+07, 3.20026e+06, 1.33231e+07
~&SPILL_STATS,21, 10, 0, 23, 2, 13, 4307.6, 1406.35, 1854.95, 1, 1401
